{
  "executionTimeMS": 3,
  "size": 1,
  "optimizationSteps": 0,
  "timeout reached": false,
  "result": [
    [
      {
        "aggregation": {
          "distance": 220.89995276868697
        }
      },
      {
        "relation": {
          "relationtype": "VerbindungInPlanquadrat",
          "attributes": {
            "istWahr": true
          }
        },
        "fromEntity": {
          "entitytype": "Planquadrat",
          "id": 101127712139116764,
          "name": "04.2.H1-P13",
          "fingerprint": "04.2.H1-P13",
          "attributes": {
            "groesse": 7.0,
            "etage": 2,
            "position": {
              "xStart": -27.978723526000977,
              "xEnd": -25.178720474243164,
              "yStart": -20.66285514831543,
              "yEnd": -17.862852096557617,
              "zStart": -0.23465609550476074,
              "zEnd": 2.26534366607666,
              "xCentral": -26.57872200012207,
              "yCentral": -19.262853622436523,
              "zCentral": 1.0153437852859497,
              "xCircleCenter": 0.0,
              "yCircleCenter": 0.0,
              "radius": 0.0,
              "CoverIndex": 0,
              "PolygonPoints": [],
              "PolygonType": ""
            }
          }
        },
        "toEntity": {
          "entitytype": "Planquadrat",
          "id": 101127712139116750,
          "name": "04.2.H1-P12",
          "fingerprint": "04.2.H1-P12",
          "attributes": {
            "groesse": 14.0,
            "etage": 2,
            "position": {
              "xStart": -26.258621215820312,
              "xEnd": -20.9586181640625,
              "yStart": -17.90956687927246,
              "yEnd": -15.109563827514648,
              "zStart": -0.25588881969451904,
              "zEnd": 2.2441110610961914,
              "xCentral": -23.608619689941406,
              "yCentral": -16.509565353393555,
              "zCentral": 0.9941111207008362,
              "xCircleCenter": 0.0,
              "yCircleCenter": 0.0,
              "radius": 0.0,
              "CoverIndex": 0,
              "PolygonPoints": [],
              "PolygonType": ""
            }
          }
        },
        "aggregation": {
          "_stepCalculated_distance": 1.0,
          "_step_distance": 38.398679939301765,
          "distance": 38.398679939301765
        },
        "prioritySelectorResult": 1029.828035301385
      },
      {
        "relation": {
          "relationtype": "VerbindungInPlanquadrat",
          "attributes": {
            "istWahr": true
          }
        },
        "fromEntity": {
          "entitytype": "Planquadrat",
          "id": 101127712139116750,
          "name": "04.2.H1-P12",
          "fingerprint": "04.2.H1-P12",
          "attributes": {
            "groesse": 14.0,
            "etage": 2,
            "position": {
              "xStart": -26.258621215820312,
              "xEnd": -20.9586181640625,
              "yStart": -17.90956687927246,
              "yEnd": -15.109563827514648,
              "zStart": -0.25588881969451904,
              "zEnd": 2.2441110610961914,
              "xCentral": -23.608619689941406,
              "yCentral": -16.509565353393555,
              "zCentral": 0.9941111207008362,
              "xCircleCenter": 0.0,
              "yCircleCenter": 0.0,
              "radius": 0.0,
              "CoverIndex": 0,
              "PolygonPoints": [],
              "PolygonType": ""
            }
          }
        },
        "toEntity": {
          "entitytype": "Planquadrat",
          "id": 101127712139116777,
          "name": "04.2.H1-P11",
          "fingerprint": "04.2.H1-P11",
          "attributes": {
            "groesse": 10.0,
            "etage": 2,
            "position": {
              "xStart": -22.158504486083984,
              "xEnd": -18.458507537841797,
              "yStart": -14.850370407104492,
              "yEnd": -12.05036735534668,
              "zStart": -0.27947914600372314,
              "zEnd": 2.220520496368408,
              "xCentral": -20.30850601196289,
              "yCentral": -13.450368881225586,
              "zCentral": 0.9705206751823425,
              "xCircleCenter": 0.0,
              "yCircleCenter": 0.0,
              "radius": 0.0,
              "CoverIndex": 0,
              "PolygonPoints": [],
              "PolygonType": ""
            }
          }
        },
        "aggregation": {
          "_stepCalculated_distance": 1.0,
          "_step_distance": 42.66509845446064,
          "distance": 81.0637783937624
        },
        "prioritySelectorResult": 645.3330690384803
      },
      {
        "relation": {
          "relationtype": "VerbindungInPlanquadrat",
          "attributes": {
            "istWahr": true
          }
        },
        "fromEntity": {
          "entitytype": "Planquadrat",
          "id": 101127712139116777,
          "name": "04.2.H1-P11",
          "fingerprint": "04.2.H1-P11",
          "attributes": {
            "groesse": 10.0,
            "etage": 2,
            "position": {
              "xStart": -22.158504486083984,
              "xEnd": -18.458507537841797,
              "yStart": -14.850370407104492,
              "yEnd": -12.05036735534668,
              "zStart": -0.27947914600372314,
              "zEnd": 2.220520496368408,
              "xCentral": -20.30850601196289,
              "yCentral": -13.450368881225586,
              "zCentral": 0.9705206751823425,
              "xCircleCenter": 0.0,
              "yCircleCenter": 0.0,
              "radius": 0.0,
              "CoverIndex": 0,
              "PolygonPoints": [],
              "PolygonType": ""
            }
          }
        },
        "toEntity": {
          "entitytype": "Planquadrat",
          "id": 101127712139116752,
          "name": "04.2.H1-P10",
          "fingerprint": "04.2.H1-P10",
          "attributes": {
            "groesse": 3.0,
            "etage": 2,
            "position": {
              "xStart": -19.111778259277344,
              "xEnd": -17.911781311035156,
              "yStart": -13.184812545776367,
              "yEnd": -10.384809494018555,
              "zStart": -0.29231947660446167,
              "zEnd": 2.2076802253723145,
              "xCentral": -18.51177978515625,
              "yCentral": -11.784811019897461,
              "zCentral": 0.9576803743839264,
              "xCircleCenter": 0.0,
              "yCircleCenter": 0.0,
              "radius": 0.0,
              "CoverIndex": 0,
              "PolygonPoints": [],
              "PolygonType": ""
            }
          }
        },
        "aggregation": {
          "_stepCalculated_distance": 1.0,
          "_step_distance": 23.22872572236534,
          "distance": 104.29250411612774
        },
        "prioritySelectorResult": 464.3891463967327
      },
      {
        "relation": {
          "relationtype": "VerbindungInPlanquadrat",
          "attributes": {
            "istWahr": true
          }
        },
        "fromEntity": {
          "entitytype": "Planquadrat",
          "id": 101127712139116752,
          "name": "04.2.H1-P10",
          "fingerprint": "04.2.H1-P10",
          "attributes": {
            "groesse": 3.0,
            "etage": 2,
            "position": {
              "xStart": -19.111778259277344,
              "xEnd": -17.911781311035156,
              "yStart": -13.184812545776367,
              "yEnd": -10.384809494018555,
              "zStart": -0.29231947660446167,
              "zEnd": 2.2076802253723145,
              "xCentral": -18.51177978515625,
              "yCentral": -11.784811019897461,
              "zCentral": 0.9576803743839264,
              "xCircleCenter": 0.0,
              "yCircleCenter": 0.0,
              "radius": 0.0,
              "CoverIndex": 0,
              "PolygonPoints": [],
              "PolygonType": ""
            }
          }
        },
        "toEntity": {
          "entitytype": "Planquadrat",